Order Date,Product Name,Sales
2020-05-23,Smart Bulb,2058
2021-07-26,Robot Vacuum,980
2021-12-15,Laptop Stand,1508
2022-05-31,Wireless Charger,3866
2024-02-05,Bluetooth Speaker,2295
2024-02-05,Smart Watch,4284
2024-04-12,Flower Vase,900
2023-06-03,Air Purifier,3699
2021-05-06,LED TV,1987
2024-05-15,Table Fan,4864
2021-09-03,LED TV,2360
2022-11-02,Cool Drink,2652
2022-10-18,Air Purifier,189
2024-03-01,Decorative Light,962
2023-03-25,Noise Cancelling Headphones,3814
2024-08-25,Flower Vase,1011
2021-01-19,Noise Cancelling Headphones,807
2021-12-11,Decorative Light,726
2022-04-25,Flower Vase,3041
2021-05-30,Noise Cancelling Headphones,3514
2021-02-19,Decorative Light,4489
2025-01-05,Robot Vacuum,3112
2021-05-06,Electric Toothbrush,4654
2020-10-08,Noise Cancelling Headphones,2332
2021-05-02,Noise Cancelling Headphones,622
2024-08-17,Yoga Mat,4062
2022-01-18,Table Fan,4725
2025-03-03,Smart Watch,3297
2023-09-27,Smart Watch,547
2020-10-11,Smart Watch,3652
2025-02-07,Robot Vacuum,1543
2021-07-28,Decorative Light,2587
2021-03-05,Yoga Mat,4697
2025-03-20,Air Purifier,2616
2022-10-09,Cool Drink,3635
2025-01-26,LED TV,4999
2024-12-09,Wireless Charger,2286
2023-04-06,Wireless Charger,1208
2022-03-14,Yoga Mat,2015
2024-12-13,Laptop Stand,3555
2020-06-19,Table Fan,1694
2023-03-25,Smart Bulb,3797
2023-06-21,Wireless Charger,3536
2020-04-28,Wireless Charger,3303
2023-01-20,Noise Cancelling Headphones,1436
2024-10-05,Noise Cancelling Headphones,4444
2022-01-02,Smart Watch,1548
2024-09-22,Air Purifier,4248
2024-12-15,Smart Bulb,2487
2024-05-21,Espresso Machine,3819
2022-02-01,Cool Drink,4515
2023-09-10,Electric Toothbrush,2212
2023-07-12,Espresso Machine,4226
2021-10-15,Electric Toothbrush,4871
2021-02-01,Electric Toothbrush,415
2023-01-09,Decorative Light,4913
2024-12-31,Electric Toothbrush,1732
2023-04-19,Espresso Machine,1418
2021-11-23,LED TV,4025
2020-09-07,Laptop Stand,1230
2023-03-05,Smart Watch,2529
2023-08-21,Laptop Stand,494
2020-12-16,Robot Vacuum,1677
2025-01-01,Decorative Light,1329
2022-03-22,Smart Watch,4189
2024-06-22,Yoga Mat,3419
2024-12-10,Laptop Stand,1929
2021-11-20,Laptop Stand,2937
2023-12-31,Decorative Light,4617
2024-01-06,LED TV,3660
2023-11-15,Espresso Machine,1712
2022-04-24,Yoga Mat,3146
2025-04-14,Smart Bulb,125
2020-08-29,Espresso Machine,4921
2021-10-07,Decorative Light,1686
2021-06-18,Decorative Light,2479
2024-08-12,Wireless Charger,3634
2023-05-06,Cool Drink,1246
2022-06-03,Decorative Light,4404
2021-10-24,Wireless Charger,1198
2025-04-15,Yoga Mat,4835
2023-04-15,Room Heater,2529
2023-04-19,Room Heater,4782
2022-06-05,Table Fan,1389
2020-05-14,Flower Vase,1796
2023-06-02,LED TV,4476
2022-03-03,Cool Drink,3777
2023-07-20,Table Fan,4753
2023-03-30,Bluetooth Speaker,4312
2024-08-21,Room Heater,1794
2022-11-05,Room Heater,3039
2020-08-13,Table Fan,351
2023-08-27,Smart Watch,2772
2020-12-11,Robot Vacuum,1659
2024-01-29,Smart Watch,3110
2023-07-15,Smart Watch,2982
2023-02-26,Table Fan,2845
2020-11-01,Yoga Mat,2341
2024-03-23,Wireless Charger,801
2022-08-23,Laptop Stand,3310
2021-09-24,Flower Vase,2637
2020-10-09,Noise Cancelling Headphones,1604
2020-10-07,Noise Cancelling Headphones,1659
2020-10-28,Cool Drink,1804
2022-03-20,Flower Vase,2151
2023-10-31,Smart Bulb,2265
2023-08-01,LED TV,2873
2022-11-25,Smart Watch,3028
2021-07-01,Laptop Stand,3149
2021-01-06,Room Heater,2533
2020-07-01,Yoga Mat,3232
2021-06-20,Table Fan,231
2021-03-29,Room Heater,3436
2024-04-12,Electric Toothbrush,4250
2022-02-28,Room Heater,2536
2023-01-15,Table Fan,1497
2020-09-14,LED TV,1494
2024-08-02,Wireless Charger,1547
2021-07-17,Cool Drink,945
2022-08-04,Espresso Machine,3437
2021-05-10,Smart Watch,3868
2022-10-11,Laptop Stand,3473
2021-03-18,Bluetooth Speaker,893
2020-05-19,Flower Vase,3667
2021-10-03,Noise Cancelling Headphones,3709
2022-06-02,Room Heater,2940
2022-08-13,Flower Vase,4921
2023-02-13,Yoga Mat,4559
2025-04-15,Flower Vase,4926
2025-01-06,Table Fan,4249
2023-06-08,Electric Toothbrush,1310
2022-04-13,Decorative Light,913
2024-05-15,Smart Watch,2461
2022-01-01,Laptop Stand,4377
2025-04-10,Laptop Stand,4246
2024-01-16,Room Heater,3556
2023-06-20,Yoga Mat,3526
2021-01-25,Bluetooth Speaker,534
2022-04-26,Robot Vacuum,1376
2022-01-17,Wireless Charger,2586
2021-11-17,Electric Toothbrush,3405
2023-06-14,Decorative Light,4684
2023-09-09,Flower Vase,3466
2020-07-10,Robot Vacuum,4067
2022-06-19,Laptop Stand,2305
2023-03-19,Noise Cancelling Headphones,1280
2022-08-14,LED TV,2938
2021-04-03,Bluetooth Speaker,311
2024-11-03,Smart Bulb,2342
2022-12-13,Noise Cancelling Headphones,1424
2022-11-19,Espresso Machine,4569
2023-08-27,Espresso Machine,2956
2025-03-15,Flower Vase,3120
2023-10-08,Yoga Mat,3892
2020-06-27,Robot Vacuum,1095
2020-12-18,Table Fan,2108
2021-12-18,Decorative Light,111
2021-04-05,Yoga Mat,2493
2021-08-01,Robot Vacuum,3768
2023-09-24,Decorative Light,4608
2020-09-25,Room Heater,1534
2024-06-19,Espresso Machine,1731
2023-07-13,Noise Cancelling Headphones,3048
2021-10-05,LED TV,1836
2025-01-31,Flower Vase,2522
2024-11-30,Air Purifier,4521
2024-12-18,Laptop Stand,2452
2024-05-16,Wireless Charger,3255
2024-07-28,Laptop Stand,2098
2023-03-29,Bluetooth Speaker,3486
2024-08-14,Noise Cancelling Headphones,920
2022-06-20,Espresso Machine,220
2023-10-31,Bluetooth Speaker,3467
2024-03-11,Air Purifier,3491
2023-02-21,Air Purifier,2676
2024-12-29,Decorative Light,608
2023-06-27,Laptop Stand,4039
2022-08-22,Yoga Mat,2247
2023-04-08,Electric Toothbrush,4357
2022-08-27,Electric Toothbrush,1589
2021-09-22,Yoga Mat,318
2024-02-22,Table Fan,3287
2023-11-08,Smart Bulb,3035
2022-08-13,Espresso Machine,1194
2021-07-21,Yoga Mat,914
2023-02-03,Flower Vase,747
2023-01-31,Flower Vase,3086
2021-01-09,Smart Watch,3137
2020-08-03,Decorative Light,3297
2021-02-22,Laptop Stand,2826
2021-12-24,Room Heater,4453
2023-06-10,LED TV,5000
2021-02-11,LED TV,4118
2021-03-29,Smart Watch,3414
2021-08-15,Cool Drink,4298
2025-01-11,Cool Drink,2386
2022-07-04,Cool Drink,4608
2023-03-11,Air Purifier,4117
2022-02-22,Noise Cancelling Headphones,2167
2021-06-09,Room Heater,379
2022-03-26,Air Purifier,2748
2021-09-25,Wireless Charger,4478
2020-08-14,Laptop Stand,914
2025-01-03,Flower Vase,2865
2021-10-31,Decorative Light,4300
2023-03-26,Wireless Charger,4069
2022-04-13,Laptop Stand,1777
2020-08-16,Smart Watch,4392
2023-02-15,Bluetooth Speaker,3593
2021-03-14,LED TV,691
2020-09-02,Flower Vase,4291
2023-04-16,Table Fan,1695
2024-08-06,Smart Watch,3298
2023-08-03,Electric Toothbrush,546
2022-03-27,Decorative Light,1289
2021-08-12,Electric Toothbrush,644
2021-02-28,Electric Toothbrush,4090
2023-05-25,Air Purifier,4046
2022-12-29,LED TV,2141
2024-01-01,Flower Vase,2097
2020-12-30,Smart Bulb,4789
2022-11-26,Decorative Light,4508
2024-06-19,Smart Watch,4632
2021-08-17,Room Heater,669
2020-09-19,Noise Cancelling Headphones,4632
2021-08-21,Yoga Mat,4299
2024-04-10,Smart Watch,4885
2022-11-27,Laptop Stand,775
2021-07-29,LED TV,305
2022-03-20,Noise Cancelling Headphones,2711
2024-12-27,Laptop Stand,2327
2022-06-18,Electric Toothbrush,4068
2024-07-11,Decorative Light,3350
2020-12-04,Wireless Charger,245
2022-01-13,Cool Drink,1976
2024-04-09,Room Heater,558
2020-06-14,Electric Toothbrush,3768
2020-06-13,Flower Vase,1042
2024-03-31,Smart Bulb,2095
2020-06-02,Bluetooth Speaker,2048
2021-06-29,Flower Vase,1345
2023-10-08,Decorative Light,3855
2024-11-21,Smart Bulb,514
2020-05-15,Robot Vacuum,4301
2022-11-02,Robot Vacuum,667
2023-01-23,Laptop Stand,1227
2022-11-15,Room Heater,1942
2023-12-02,Electric Toothbrush,4518
2023-08-19,Bluetooth Speaker,4140
2023-07-02,Flower Vase,1853
2022-11-15,Smart Bulb,2835
2021-12-03,Table Fan,1601
2023-10-18,Flower Vase,2811
2023-12-21,Yoga Mat,767
2025-02-15,Smart Bulb,3821
2021-02-08,Espresso Machine,1017
2023-03-02,Room Heater,2052
2020-10-22,Electric Toothbrush,916
2023-11-29,Air Purifier,1876
2022-01-02,Robot Vacuum,531
2025-01-15,Bluetooth Speaker,2930
2025-04-22,Smart Watch,4306
2021-08-31,Smart Watch,807
2025-03-15,Laptop Stand,2168
2021-05-23,Flower Vase,1248
2021-06-06,Robot Vacuum,4524
2025-01-11,Wireless Charger,4561
2020-08-20,Robot Vacuum,393
2023-03-24,Flower Vase,967
2024-09-29,Smart Bulb,1663
2021-11-16,Wireless Charger,3914
2020-12-12,Room Heater,3983
2022-03-02,Yoga Mat,3849
2022-11-15,Laptop Stand,639
2021-07-21,Smart Bulb,1985
2021-03-26,Noise Cancelling Headphones,1449
2025-03-26,Espresso Machine,2384
2021-03-17,Electric Toothbrush,1139
2024-03-17,Bluetooth Speaker,682
2021-04-25,LED TV,2550
2021-10-03,Noise Cancelling Headphones,4456
2020-06-13,Noise Cancelling Headphones,1496
2023-03-17,Robot Vacuum,1528
2021-03-29,Room Heater,2580
2022-04-19,Room Heater,2607
2022-07-16,Table Fan,2765
2022-01-20,LED TV,3639
2021-06-17,Yoga Mat,3062
2022-07-10,Cool Drink,3266
2020-10-26,Wireless Charger,4257
2021-01-09,LED TV,2958
2022-05-21,Bluetooth Speaker,3881
2022-02-26,Air Purifier,2079
2024-10-21,Smart Bulb,4471
2024-12-21,Robot Vacuum,2512
2021-05-20,Room Heater,3633
2020-08-17,Bluetooth Speaker,2250
2022-10-13,Table Fan,3398
2024-08-04,Table Fan,3345
2021-11-06,Air Purifier,4157
2022-01-23,Air Purifier,3533
2021-12-31,Laptop Stand,1359
2023-03-25,Smart Bulb,1627
2022-05-17,LED TV,2514
2021-11-01,Cool Drink,4358
2021-01-03,Yoga Mat,3398
2024-11-25,Cool Drink,1398
2020-09-20,Air Purifier,1354
2023-02-24,Noise Cancelling Headphones,1785
2021-05-08,Room Heater,648
2023-09-07,Yoga Mat,3163
2025-01-16,Noise Cancelling Headphones,3825
2022-11-26,Espresso Machine,2100
2025-03-21,Table Fan,4040
2022-08-24,Flower Vase,4238
2025-03-27,Table Fan,1880
2022-04-30,Wireless Charger,1865
2022-12-26,Yoga Mat,1524
2022-03-22,Cool Drink,714
2025-03-21,Laptop Stand,4416
2022-10-26,Room Heater,3194
2023-04-12,Flower Vase,529
2021-07-28,Decorative Light,203
2023-04-19,Bluetooth Speaker,2787
2023-11-15,Smart Watch,3015
2022-02-18,Yoga Mat,307
2021-01-19,Table Fan,227
2025-03-08,LED TV,4436
2022-10-03,Table Fan,3079
2022-01-02,Bluetooth Speaker,4750
2021-08-13,Robot Vacuum,1949
2020-11-13,Laptop Stand,109
2023-04-24,Yoga Mat,1638
2022-07-23,LED TV,2634
2023-09-23,Smart Watch,3231
2020-07-09,Wireless Charger,667
2024-03-18,Electric Toothbrush,4576
2021-09-27,LED TV,3229
2023-04-02,Yoga Mat,4948
2021-01-26,Wireless Charger,4947
2024-03-14,Electric Toothbrush,3017
2020-11-08,Flower Vase,2603
2025-01-24,Robot Vacuum,3269
2025-04-07,Laptop Stand,2990
2021-10-06,Smart Bulb,2470
2023-09-29,Air Purifier,264
2023-02-23,Table Fan,2025
2023-03-28,Electric Toothbrush,3819
2024-03-27,Air Purifier,330
2021-08-02,Bluetooth Speaker,1914
2022-08-09,Noise Cancelling Headphones,4407
2024-09-16,Electric Toothbrush,1935
2023-08-21,Yoga Mat,2543
2023-08-10,Wireless Charger,4895
2023-03-07,Air Purifier,4266
2021-05-20,Robot Vacuum,1211
2021-12-29,Cool Drink,215
2023-11-14,Yoga Mat,1810
2022-11-09,Smart Watch,2917
2025-03-07,Cool Drink,1937
2024-09-20,Room Heater,2764
2020-09-28,Bluetooth Speaker,4739
2024-12-16,Wireless Charger,3996
2024-04-19,Flower Vase,4348
2020-10-23,Air Purifier,4018
2024-07-25,Air Purifier,3375
2021-04-14,Decorative Light,4325
2022-11-18,Room Heater,4509
2023-06-11,Decorative Light,935
2022-01-13,Bluetooth Speaker,3572
2024-04-24,Noise Cancelling Headphones,4895
2024-07-18,Wireless Charger,549
2024-04-16,Espresso Machine,4238
2022-01-17,Decorative Light,2315
2021-09-12,Room Heater,1479
2024-06-08,Bluetooth Speaker,3790
2021-10-01,Bluetooth Speaker,2006
2023-04-12,Robot Vacuum,2486
2020-07-28,Wireless Charger,4061
2022-07-01,Cool Drink,4068
2022-12-11,LED TV,3035
2022-04-01,Bluetooth Speaker,4469
2023-03-14,Decorative Light,4614
2022-08-17,Laptop Stand,3617
2024-05-21,Electric Toothbrush,2495
2023-02-25,Espresso Machine,3985
2024-10-04,Noise Cancelling Headphones,2712
2021-01-12,Electric Toothbrush,359
2023-12-12,Bluetooth Speaker,3656
2020-07-08,Table Fan,815
2023-10-03,Decorative Light,1928
2020-05-11,Electric Toothbrush,1863
2024-03-29,Bluetooth Speaker,4273
2021-06-10,Yoga Mat,3548
2024-07-29,Wireless Charger,3063
2023-10-23,Bluetooth Speaker,2415
2022-03-31,LED TV,60
2023-08-09,Air Purifier,1579
2020-12-10,Wireless Charger,1324
2024-11-11,LED TV,2014
2023-06-23,LED TV,1232
2023-09-07,Robot Vacuum,2417
2025-03-24,Room Heater,2077
2024-12-05,Room Heater,3654
2021-12-18,Table Fan,4320
2022-04-28,Wireless Charger,3228
2022-02-06,Flower Vase,1851
2024-01-08,Yoga Mat,1957
2020-05-23,Yoga Mat,2543
2020-05-01,Electric Toothbrush,2527
2022-11-18,Decorative Light,724
2020-12-23,LED TV,4624
2024-11-23,Flower Vase,2958
2021-08-27,Espresso Machine,2066
2020-11-08,Cool Drink,1372
2024-05-13,Cool Drink,4979
2024-01-05,Room Heater,4347
2021-02-13,Cool Drink,3077
2024-12-22,Smart Watch,4436
2022-04-10,Yoga Mat,764
2025-03-19,LED TV,1490
2022-09-22,Bluetooth Speaker,2885
2024-04-08,Decorative Light,1469
2021-08-09,Decorative Light,1295
2023-07-16,Decorative Light,453
2023-02-05,Smart Watch,684
2022-11-22,LED TV,1719
2020-11-19,Cool Drink,3824
2024-10-06,Room Heater,3866
2025-04-25,Wireless Charger,4621
2020-08-13,LED TV,472
2022-09-22,Robot Vacuum,1834
2021-04-22,Bluetooth Speaker,4351
2025-01-20,Electric Toothbrush,3991
2020-06-05,Electric Toothbrush,4520
2020-07-02,Robot Vacuum,3791
2021-07-17,Yoga Mat,3294
2023-08-10,Laptop Stand,3774
2025-04-13,Table Fan,1847
2020-07-20,Smart Bulb,3641
2020-07-16,Electric Toothbrush,422
2022-08-13,Bluetooth Speaker,1170
2024-11-02,Electric Toothbrush,3429
2023-06-07,Smart Watch,1345
2023-05-10,Smart Bulb,4065
2023-08-23,Cool Drink,369
2021-09-26,Air Purifier,3329
2024-02-12,Cool Drink,4538
2023-10-16,Noise Cancelling Headphones,433
2024-09-29,Wireless Charger,1688
2024-12-26,Air Purifier,566
2025-03-30,Decorative Light,3016
2024-09-21,Flower Vase,4605
2022-03-04,Robot Vacuum,3079
2021-09-25,Noise Cancelling Headphones,3511
2023-02-20,Cool Drink,300
2023-05-10,Smart Watch,2560
2021-09-07,Electric Toothbrush,3756
2025-04-13,Bluetooth Speaker,1292
2021-12-10,Espresso Machine,1685
2024-05-26,Wireless Charger,4444
2021-07-13,Flower Vase,472
2022-11-05,Table Fan,374
2024-10-29,Table Fan,3389
2024-05-09,Laptop Stand,4999
2024-12-12,Bluetooth Speaker,2036
2022-12-28,Laptop Stand,3847
2024-01-23,Cool Drink,4002
2024-08-20,Flower Vase,2844
2023-07-13,Flower Vase,716
2020-07-28,Decorative Light,89
2025-04-19,Robot Vacuum,4689
2020-11-10,Noise Cancelling Headphones,2227
2024-01-07,Noise Cancelling Headphones,783
2025-04-03,Air Purifier,3486
2022-12-31,Bluetooth Speaker,593
2024-01-25,Room Heater,2793
2021-09-01,Decorative Light,3165
2021-01-14,Table Fan,3291
2024-09-21,Robot Vacuum,4011
2022-09-28,Bluetooth Speaker,3173
2020-10-14,Laptop Stand,1038
2022-08-16,Room Heater,4339
2025-01-06,Cool Drink,3849
2020-10-15,Decorative Light,1972
2022-08-05,Smart Watch,2578
2022-11-23,Bluetooth Speaker,4327
2021-06-15,Espresso Machine,728
2020-11-16,Smart Watch,2585
2022-11-19,Espresso Machine,4607
2021-10-01,LED TV,265
2020-06-10,Decorative Light,3578
2021-11-12,Table Fan,1464
2020-07-14,Smart Bulb,3086
2023-07-14,LED TV,4618
2022-03-26,Table Fan,1548
2022-07-03,Smart Bulb,4666
2023-04-08,Air Purifier,3809
2023-07-17,Flower Vase,4927
2022-02-19,Smart Bulb,1280
2021-02-23,Flower Vase,4804
2022-10-06,Bluetooth Speaker,2018
2025-04-07,Air Purifier,2185
2022-11-18,Flower Vase,4297
2022-03-05,Noise Cancelling Headphones,1899
2020-11-08,Air Purifier,2765
2024-08-05,Flower Vase,347
2024-10-23,Smart Watch,3108
2024-02-16,Laptop Stand,1528
2025-04-02,Yoga Mat,3990
2020-12-13,Robot Vacuum,723
2024-01-22,Air Purifier,2183
2021-11-09,Smart Bulb,4617
2023-07-11,Robot Vacuum,1995
2024-08-28,Laptop Stand,310
2024-01-22,Espresso Machine,4314
2023-03-17,Table Fan,1181
2022-09-23,Table Fan,3466
2022-12-30,LED TV,57
2024-11-19,Electric Toothbrush,3610
2020-07-17,Yoga Mat,2883
2022-02-24,Smart Watch,4006
2023-07-17,Decorative Light,4266
2022-12-19,Smart Watch,501
2023-08-11,Wireless Charger,4431
2020-08-22,Robot Vacuum,782
2023-07-15,Yoga Mat,711
2024-11-11,Air Purifier,3747
2022-10-31,Smart Watch,2061
2020-08-03,Smart Watch,4925
2020-09-19,Smart Bulb,1465
2024-06-23,Smart Bulb,996
2023-07-29,Table Fan,2182
2020-12-12,Espresso Machine,95
2023-11-27,Espresso Machine,1878
2024-07-29,Cool Drink,3177
2021-06-24,Smart Bulb,4942
2021-11-11,Noise Cancelling Headphones,2894
2021-01-04,Air Purifier,1783
2020-08-07,Bluetooth Speaker,1766
2025-01-12,Laptop Stand,1949
2024-11-27,Cool Drink,2720
2022-01-04,Electric Toothbrush,1758
2023-05-09,Electric Toothbrush,4958
2022-09-21,Robot Vacuum,1322
2020-05-01,Flower Vase,3049
2025-02-03,Robot Vacuum,3898
2022-10-08,Air Purifier,4705
2024-07-03,Noise Cancelling Headphones,2968
2020-12-07,Smart Watch,955
2022-07-24,Yoga Mat,1760
2023-10-09,Bluetooth Speaker,3353
2021-12-14,Electric Toothbrush,3042
2022-08-23,Smart Bulb,4075
2024-04-28,Smart Bulb,4200
2023-10-16,Wireless Charger,3533
2024-04-18,Table Fan,2138
2023-03-28,Air Purifier,997
2025-03-06,Bluetooth Speaker,2015
2024-05-14,Espresso Machine,796
2023-07-27,Wireless Charger,574
2022-09-27,Yoga Mat,2001
2023-09-30,Yoga Mat,2415
2020-11-16,Wireless Charger,1410
2021-01-27,Room Heater,3717
2024-07-28,Smart Bulb,128
2021-09-08,Wireless Charger,3898
2022-12-14,Decorative Light,2236
2020-06-04,Room Heater,3516
2022-07-13,Wireless Charger,1382
2021-05-21,Air Purifier,2683
2023-12-26,Wireless Charger,4257
2021-05-16,Bluetooth Speaker,1552
2020-05-07,Espresso Machine,2934
2021-10-14,Bluetooth Speaker,1538
2023-07-31,Wireless Charger,2324
2024-06-23,Wireless Charger,1636
2024-09-20,Laptop Stand,1075
2021-11-05,Decorative Light,2631
2021-12-13,Table Fan,4684
2021-03-07,Decorative Light,4934
2022-06-10,Robot Vacuum,3446
2021-08-02,Bluetooth Speaker,3443
2024-01-01,Smart Bulb,1520
2023-07-03,Noise Cancelling Headphones,3537
2021-01-01,Decorative Light,870
2022-06-15,Yoga Mat,1307
2024-07-08,Room Heater,513
2023-12-12,Electric Toothbrush,2067
2022-01-04,Laptop Stand,2887
2022-12-14,Smart Bulb,4038
2022-09-07,Espresso Machine,3277
2022-09-02,Smart Watch,1407
2023-09-05,Laptop Stand,4835
2023-04-22,Decorative Light,4460
2023-09-16,Robot Vacuum,809
2025-03-05,Espresso Machine,4175
2024-11-06,Room Heater,4054
2024-07-17,Electric Toothbrush,1341
2021-12-21,Bluetooth Speaker,1886
2022-07-03,Cool Drink,1924
2021-07-12,Flower Vase,3083
2025-01-02,Laptop Stand,4859
2021-05-03,Air Purifier,562
2024-03-17,Laptop Stand,2308
2025-01-09,Decorative Light,4819
2021-04-13,Espresso Machine,1235
2024-02-20,Robot Vacuum,3658
2021-10-17,Air Purifier,2592
2023-01-18,Flower Vase,2245
2024-07-05,Flower Vase,426
2024-07-11,Decorative Light,2626
2020-12-16,Smart Bulb,3867
2020-11-08,Flower Vase,195
2020-09-08,Robot Vacuum,4274
2023-03-02,Robot Vacuum,2359
2023-03-21,Cool Drink,3014
2022-03-27,Room Heater,2143
2021-02-12,Smart Bulb,2801
2023-01-18,Noise Cancelling Headphones,1570
2022-03-25,Decorative Light,2083
2022-08-16,Smart Bulb,4080
2025-02-22,Wireless Charger,3382
2024-05-24,Noise Cancelling Headphones,2324
2022-05-09,Table Fan,208
2025-01-04,Electric Toothbrush,2499
2021-04-05,LED TV,1553
2021-09-16,Laptop Stand,4614
2024-08-10,Laptop Stand,2196
2023-10-04,Noise Cancelling Headphones,2705
2023-01-21,LED TV,276
2021-06-10,Table Fan,2041
2022-05-12,Espresso Machine,375
2024-05-05,Robot Vacuum,4718
2021-01-02,Smart Bulb,3701
2022-04-05,Table Fan,4539
2020-08-04,Smart Watch,4642
2024-05-15,Bluetooth Speaker,3330
2022-08-11,Espresso Machine,4071
2022-07-06,Robot Vacuum,989
2022-05-04,Wireless Charger,2549
2024-03-20,Room Heater,4474
2020-09-26,Cool Drink,1088
2024-04-21,Noise Cancelling Headphones,4924
2022-08-26,Cool Drink,1056
2022-12-05,Espresso Machine,4243
2021-03-30,Cool Drink,1939
2023-04-28,Smart Bulb,3699
2022-01-09,Bluetooth Speaker,2582
2020-07-07,Robot Vacuum,3061
2020-12-05,Cool Drink,2169
2021-01-05,Smart Bulb,2721
2022-04-04,Robot Vacuum,4147
2021-10-22,Electric Toothbrush,4916
2021-10-21,Yoga Mat,913
2022-03-08,Flower Vase,3283
2021-04-07,Yoga Mat,1771
2023-02-26,Smart Bulb,3666
2021-10-08,Wireless Charger,1923
2020-08-31,Cool Drink,3515
2023-03-23,LED TV,2057
2023-11-30,Flower Vase,4002
2022-12-17,Air Purifier,2627
2020-11-07,Room Heater,2664
2020-08-24,Robot Vacuum,3782
2022-07-07,Wireless Charger,505
2022-11-27,Laptop Stand,1192
2021-08-05,Smart Watch,3801
2020-08-15,Bluetooth Speaker,1933
2022-03-05,Robot Vacuum,1510
2024-01-13,Wireless Charger,2450
2020-09-20,Yoga Mat,500
2022-06-27,Smart Watch,4489
2021-11-12,Smart Watch,142
2020-07-22,Air Purifier,4793
2023-05-12,Table Fan,2065
2021-11-17,Smart Watch,2829
2021-09-07,Cool Drink,3441
2020-06-02,Flower Vase,3617
2022-01-08,Flower Vase,681
2023-12-09,Smart Bulb,1301
2025-04-13,LED TV,1014
2023-08-26,Laptop Stand,4290
2024-10-02,Flower Vase,2434
2023-09-27,Air Purifier,222
2022-06-05,Noise Cancelling Headphones,757
2024-11-30,Noise Cancelling Headphones,202
2020-10-30,Smart Bulb,3219
2024-10-05,Noise Cancelling Headphones,4950
2023-10-11,Smart Watch,2671
2024-07-17,Electric Toothbrush,3217
2023-01-08,LED TV,4345
2021-12-06,Flower Vase,1092
2020-12-20,Table Fan,3794
2020-07-26,Smart Bulb,1650
2024-12-19,Flower Vase,3931
2020-07-02,Robot Vacuum,3754
2023-12-30,Laptop Stand,895
2021-04-05,Noise Cancelling Headphones,3291
2022-12-15,Bluetooth Speaker,775
2021-10-09,Room Heater,150
2022-08-03,Flower Vase,4305
2023-03-05,Smart Bulb,3963
2022-05-10,Yoga Mat,2410
2024-02-27,Flower Vase,2525
2024-05-26,LED TV,4785
2025-01-21,Noise Cancelling Headphones,2240
2023-10-27,LED TV,727
2023-11-12,Laptop Stand,2481
2021-01-13,Espresso Machine,789
2021-10-31,Robot Vacuum,4747
2024-05-30,Yoga Mat,251
2024-04-30,Noise Cancelling Headphones,2768
2020-05-06,Noise Cancelling Headphones,1035
2025-03-25,Espresso Machine,4017
2023-11-26,Smart Bulb,946
2022-07-11,LED TV,1464
2023-10-13,Robot Vacuum,2380
2023-01-25,Smart Watch,4149
2021-08-29,LED TV,2067
2024-02-01,Yoga Mat,4115
2020-11-16,Room Heater,4469
2020-05-15,Wireless Charger,3449
2022-12-22,Air Purifier,4264
2020-09-07,Electric Toothbrush,480
2023-01-18,Decorative Light,4072
2024-01-08,Noise Cancelling Headphones,522
2020-12-02,Smart Bulb,1889
2022-03-26,LED TV,286
2020-08-28,Espresso Machine,2425
2021-08-24,Smart Bulb,4462
2023-12-06,Robot Vacuum,4822
2020-10-15,Smart Bulb,853
2020-05-29,Laptop Stand,4169
2022-05-03,Espresso Machine,4195
2021-10-12,Table Fan,1100
2025-04-08,Table Fan,3076
2024-08-29,Noise Cancelling Headphones,2079
2021-06-11,Smart Bulb,224
2020-10-04,Decorative Light,1064
2024-07-22,Robot Vacuum,2985
2024-12-02,Cool Drink,3902
2024-07-04,Decorative Light,3983
2021-11-15,Table Fan,4525
2020-12-14,Flower Vase,4565
2020-05-27,Robot Vacuum,1244
2022-01-09,Air Purifier,513
2023-03-05,Cool Drink,138
2023-12-05,Electric Toothbrush,1977
2023-11-24,Espresso Machine,2436
2021-04-03,Wireless Charger,932
2023-02-25,Espresso Machine,1492
2024-10-02,Smart Bulb,3762
2020-11-28,Decorative Light,2911
2022-09-23,Room Heater,1640
2023-08-10,Bluetooth Speaker,2163
2020-09-20,Laptop Stand,4809
2021-06-24,Yoga Mat,798
2024-02-07,Bluetooth Speaker,3171
2020-08-17,Smart Watch,3964
2024-09-25,Yoga Mat,4205
2021-08-13,Smart Bulb,56
2021-07-01,Flower Vase,1942
2021-03-24,Smart Bulb,3552
2022-04-19,Laptop Stand,1406
2022-06-25,LED TV,4420
2023-01-30,Robot Vacuum,584
2020-09-20,Cool Drink,2886
2021-01-27,Flower Vase,3542
2022-02-26,Noise Cancelling Headphones,4722
2024-05-07,Decorative Light,1844
2024-02-06,Laptop Stand,4243
2022-08-05,Flower Vase,3627
2024-03-02,Room Heater,2811
2021-07-06,Cool Drink,2365
2025-04-22,Robot Vacuum,2979
2025-03-19,Yoga Mat,4581
2022-11-10,Noise Cancelling Headphones,1875
2022-03-07,Flower Vase,4683
2020-10-26,Laptop Stand,4853
2023-04-06,LED TV,3071
2020-11-13,Air Purifier,2550
2022-07-16,Decorative Light,2669
2024-09-06,Smart Bulb,2165
2020-09-06,Laptop Stand,2195
2022-05-03,Table Fan,3736
2023-12-31,Electric Toothbrush,301
2023-09-04,Room Heater,2832
2020-06-30,LED TV,1899
2024-02-16,Espresso Machine,1911
2023-01-17,Room Heater,1020
2022-12-12,Robot Vacuum,4051
2021-12-20,Flower Vase,1205
2021-10-03,Laptop Stand,336
2024-09-20,Room Heater,4710
2021-06-04,Table Fan,3689
2023-07-04,Cool Drink,2390
2023-05-18,Decorative Light,821
2021-01-11,Bluetooth Speaker,3765
2020-06-30,Electric Toothbrush,1063
2024-01-09,LED TV,2976
2023-12-14,Table Fan,231
2025-03-19,Cool Drink,363
2022-02-13,Smart Bulb,2708
2022-05-18,Noise Cancelling Headphones,2181
2020-07-23,Robot Vacuum,140
2023-07-31,Flower Vase,4780
2024-03-22,Flower Vase,4340
2024-02-24,Air Purifier,1563
2023-05-10,Table Fan,1631
2022-03-02,Air Purifier,3413
2022-07-02,Flower Vase,2666
2021-01-20,Bluetooth Speaker,1174
2020-12-13,Smart Bulb,1272
2023-07-05,Yoga Mat,604
2024-09-10,Air Purifier,448
2021-09-01,Flower Vase,3970
2020-11-30,Table Fan,967
2023-03-19,Noise Cancelling Headphones,546
2023-12-02,Air Purifier,3583
2022-03-14,Wireless Charger,2560
2024-01-19,Table Fan,2154
2023-09-17,Cool Drink,4074
2023-03-26,Decorative Light,2873
2021-12-21,Espresso Machine,2739
2022-07-26,Air Purifier,195
2023-05-19,Decorative Light,1810
2022-09-18,Table Fan,1741
2025-02-13,Smart Watch,4784
2020-06-20,Table Fan,4399
2023-03-01,Smart Bulb,857
2020-10-06,Robot Vacuum,2611
2022-12-22,Bluetooth Speaker,3043
2021-05-19,Air Purifier,1721
2023-10-23,Noise Cancelling Headphones,4938
2023-09-10,Air Purifier,936
2022-12-18,Bluetooth Speaker,1277
2024-06-29,LED TV,2346
2022-05-20,Bluetooth Speaker,3801
2020-08-14,Room Heater,4160
2020-09-26,Espresso Machine,484
2021-01-07,Smart Watch,3979
2020-09-30,Espresso Machine,966
2023-11-19,Smart Watch,2045
2020-08-27,Room Heater,3626
2022-02-27,Wireless Charger,853
2022-07-02,Yoga Mat,2295
2022-04-26,Decorative Light,2223
2021-12-20,Robot Vacuum,3705
2025-02-21,Bluetooth Speaker,3146
2020-05-20,Laptop Stand,73
2020-12-08,Electric Toothbrush,4734
2021-08-22,Flower Vase,1074
2024-08-04,Flower Vase,595
2021-12-22,Wireless Charger,1329
2021-06-04,Noise Cancelling Headphones,1000
2025-02-15,Cool Drink,3533
2022-12-06,Smart Watch,4090
2021-06-16,Electric Toothbrush,3993
2024-12-08,Robot Vacuum,1499
2025-02-14,Noise Cancelling Headphones,3489
2021-07-19,Noise Cancelling Headphones,1483
2024-06-26,Room Heater,3049
2021-08-18,Flower Vase,1540
2025-01-05,Noise Cancelling Headphones,3484
2023-08-24,LED TV,1241
2022-08-28,Bluetooth Speaker,60
2022-11-17,Bluetooth Speaker,135
2025-03-26,Smart Bulb,4289
2020-10-17,Electric Toothbrush,1058
2023-06-04,Laptop Stand,1921
2023-04-28,Noise Cancelling Headphones,2973
2022-10-16,Yoga Mat,2240
2025-04-19,Bluetooth Speaker,134
2023-12-06,Bluetooth Speaker,2207
2022-03-19,Noise Cancelling Headphones,1106
2021-07-12,Robot Vacuum,4354
2024-05-15,Cool Drink,1160
2020-05-08,Flower Vase,1781
2020-10-16,Smart Watch,983
2021-07-11,Robot Vacuum,3424
2021-03-02,Yoga Mat,702
2024-10-17,Cool Drink,2280
2021-04-09,Table Fan,461
2020-11-03,Cool Drink,4209
2022-02-16,Flower Vase,1008
2024-09-05,Decorative Light,3925
2024-05-21,Espresso Machine,1486
2025-03-29,Wireless Charger,4084
2022-03-18,Smart Watch,4228
2024-06-20,Smart Watch,1895
2022-07-05,Wireless Charger,2690
2022-03-06,Bluetooth Speaker,2526
2022-09-21,Flower Vase,4242
2022-05-22,Room Heater,1534
2022-01-19,Smart Watch,2236
2024-01-18,Wireless Charger,4772
2023-10-26,Smart Watch,2350
2023-02-20,Bluetooth Speaker,718
2023-10-19,Flower Vase,2785
2021-09-01,Electric Toothbrush,4302
2023-03-20,Electric Toothbrush,4349
2022-11-01,Wireless Charger,3766
2021-04-21,Robot Vacuum,3439
2023-08-17,Wireless Charger,1507
2024-09-20,Air Purifier,2441
2023-03-09,Smart Watch,4800
2020-11-27,Smart Bulb,2512
2024-06-13,Cool Drink,4810
2022-01-07,Decorative Light,3050
2021-06-08,LED TV,4504
2024-11-26,Wireless Charger,585
2024-05-12,Smart Bulb,777
2023-08-26,Bluetooth Speaker,1065
2024-09-16,Bluetooth Speaker,79
2025-02-13,Yoga Mat,2887
2021-03-15,Yoga Mat,1979
2020-12-24,Noise Cancelling Headphones,1080
2024-04-28,Flower Vase,2605
2023-07-02,Wireless Charger,317
2024-02-05,Robot Vacuum,429
2023-07-26,Bluetooth Speaker,3295
2024-04-26,Smart Watch,846
2023-11-02,Yoga Mat,4306
2022-04-11,Decorative Light,2785
2022-11-29,Table Fan,4745
2024-04-29,Table Fan,4555
2021-09-13,LED TV,565
2022-09-01,Decorative Light,3845
2024-11-05,Bluetooth Speaker,4816
2024-04-15,Room Heater,1161
2022-11-28,Cool Drink,830
2024-01-09,Electric Toothbrush,4071
2022-05-01,Room Heater,2714
2021-01-03,Smart Watch,3041
2021-10-08,Laptop Stand,1516
2021-03-08,Wireless Charger,4554
2023-06-01,Bluetooth Speaker,2631
2023-01-24,Flower Vase,1698
2023-01-25,Smart Bulb,2052
2022-05-04,Electric Toothbrush,1682
2020-07-15,Cool Drink,4005
2023-10-02,Electric Toothbrush,2329
2021-01-08,Yoga Mat,2344
2021-06-16,Table Fan,1956
2020-11-15,LED TV,3216
2023-09-14,Air Purifier,4085
2021-02-11,Flower Vase,62
2024-12-22,Decorative Light,1211
2024-10-01,Decorative Light,2832
2022-05-29,Smart Bulb,3870
2020-05-13,Decorative Light,4619
2023-11-04,Smart Watch,252
2023-07-14,Smart Bulb,1621
2023-07-31,Table Fan,492
2022-05-11,Laptop Stand,3425
2025-03-29,Smart Watch,3482
2021-12-03,Air Purifier,400
2025-02-14,Cool Drink,3528
2021-07-30,Laptop Stand,3492
2022-11-28,Espresso Machine,847
2020-12-09,Espresso Machine,2552
2023-06-10,Robot Vacuum,1355
2023-09-06,Laptop Stand,2640
2022-12-27,Cool Drink,958
2024-07-29,Air Purifier,4753
2020-12-22,Wireless Charger,506
2023-01-17,Room Heater,2322
2021-08-12,Smart Bulb,4264
2023-09-09,Noise Cancelling Headphones,712
2023-08-14,Electric Toothbrush,2337
2022-09-03,Room Heater,3395
2020-07-09,Yoga Mat,247
2022-08-22,Flower Vase,3323
2023-10-03,Electric Toothbrush,2576
2023-01-12,LED TV,1444
2023-09-14,Robot Vacuum,484
2024-02-07,Smart Watch,1565
2022-05-31,Yoga Mat,4091
2020-07-13,Smart Bulb,3069
2022-01-30,Bluetooth Speaker,335
2025-03-23,Laptop Stand,725
2020-05-10,Air Purifier,4663
2024-01-23,Table Fan,4696
2021-09-18,Robot Vacuum,637
2024-09-22,Wireless Charger,2122
2023-03-21,Smart Watch,2672
2020-07-25,Table Fan,2450
2025-03-25,Table Fan,1795
2024-04-13,Electric Toothbrush,4360
2024-01-26,Bluetooth Speaker,1925
2022-10-08,Noise Cancelling Headphones,2428
2020-07-16,Flower Vase,4145
2024-11-06,Robot Vacuum,3914
2024-02-28,Wireless Charger,4265
2022-09-14,Noise Cancelling Headphones,4995
2023-06-06,Wireless Charger,1738
2020-12-28,Wireless Charger,4492
2024-04-23,Decorative Light,1493
2024-09-04,Yoga Mat,1012
2024-01-27,Espresso Machine,4445
2021-03-10,Flower Vase,4396
2023-04-03,Smart Watch,1497
2022-05-29,Espresso Machine,2155
2024-09-19,Cool Drink,3158
2024-11-19,Yoga Mat,4846
2023-08-09,Smart Watch,673
2024-07-10,Wireless Charger,2920
2021-07-03,Wireless Charger,3672
2024-10-21,Yoga Mat,3783
2025-02-06,Bluetooth Speaker,4386
2024-12-09,Smart Watch,3073
2021-05-28,Laptop Stand,4618
2020-05-17,Yoga Mat,4901
2020-07-08,LED TV,860
2021-01-27,Noise Cancelling Headphones,2450
2024-04-14,Smart Bulb,3750
2024-08-25,Wireless Charger,4202
2022-03-29,Robot Vacuum,3897
2021-07-01,Flower Vase,843
2023-12-19,Noise Cancelling Headphones,2448
2024-10-20,Robot Vacuum,2576
2025-02-09,Yoga Mat,256
2021-09-17,Yoga Mat,1613
2024-01-28,Electric Toothbrush,1579
2021-07-25,Espresso Machine,759
2024-04-30,Electric Toothbrush,3005
2024-03-07,Room Heater,2174
2022-12-09,Air Purifier,1700
2022-10-29,Smart Bulb,511
2023-12-24,Wireless Charger,3950
2024-08-23,Decorative Light,524
2020-11-02,Flower Vase,3318
2022-02-17,Smart Bulb,570
2021-01-02,Electric Toothbrush,4058
2024-06-24,Wireless Charger,4047
2023-05-14,Smart Bulb,4386
2024-06-15,Smart Bulb,4709
2024-08-30,Yoga Mat,3208
2021-05-31,Electric Toothbrush,4636
2021-04-12,Smart Bulb,4880
2021-03-14,Bluetooth Speaker,1450
2023-06-22,Electric Toothbrush,2679
2021-09-20,Yoga Mat,1089
2023-12-30,Smart Bulb,3975
2023-09-27,LED TV,2523
2020-09-07,Cool Drink,2071
2022-11-10,Robot Vacuum,4772
2022-07-12,Decorative Light,1312
2025-04-26,Yoga Mat,2218
2022-08-27,Cool Drink,3207
2024-01-12,LED TV,4061
2021-01-29,Robot Vacuum,2955
2022-11-11,Table Fan,1303
2021-03-06,Air Purifier,3190
2024-01-26,Bluetooth Speaker,2397
2020-10-07,Decorative Light,3319
2022-06-24,Noise Cancelling Headphones,1857
2020-12-24,Room Heater,2499
2022-07-09,Espresso Machine,917
2022-11-02,Air Purifier,3691
2023-03-29,Yoga Mat,3945
2020-09-18,Flower Vase,955
2021-02-26,Flower Vase,2851
2024-08-16,Cool Drink,1051
2021-02-06,Table Fan,2901
2023-07-05,Robot Vacuum,2058
2020-07-03,Electric Toothbrush,614
2021-10-13,Cool Drink,715
2023-10-24,Room Heater,2823
2021-07-16,Robot Vacuum,430
2021-05-19,Smart Watch,4411
2024-06-26,Laptop Stand,2083
2020-12-23,Espresso Machine,2243
2023-05-17,Electric Toothbrush,4585
2023-01-20,Air Purifier,1034
2020-06-14,Laptop Stand,3349
2020-12-20,Noise Cancelling Headphones,4911
2020-07-07,Flower Vase,2923
2024-10-22,Bluetooth Speaker,3698
2024-09-02,LED TV,197
2024-02-10,Wireless Charger,4321
2025-04-03,Wireless Charger,4998
2024-05-12,LED TV,2577
2023-02-22,Bluetooth Speaker,3759
2025-03-10,Decorative Light,743
2025-01-04,Bluetooth Speaker,4948
2023-06-12,Bluetooth Speaker,571
2025-04-10,Bluetooth Speaker,90
2025-01-18,Smart Watch,3374
2024-07-26,Flower Vase,3883
2020-09-28,LED TV,3759
2023-02-20,Robot Vacuum,2038
2022-09-27,Decorative Light,4330
2020-07-17,Yoga Mat,3968
2020-07-12,Air Purifier,4574
2021-09-15,Robot Vacuum,1658
2024-09-23,Air Purifier,1357
2025-01-09,Electric Toothbrush,3377
2024-03-29,Smart Bulb,2099
2024-11-13,Wireless Charger,3818
2021-05-31,Noise Cancelling Headphones,57
2020-05-07,Smart Watch,575
2021-05-23,Air Purifier,1909
2021-02-16,Decorative Light,2499
2024-09-17,Yoga Mat,127
2021-03-17,Wireless Charger,2498
2024-12-14,Laptop Stand,763
2024-08-24,Room Heater,386
2023-05-15,Electric Toothbrush,4224
2024-07-13,Noise Cancelling Headphones,2503
2023-05-02,Cool Drink,799
2024-03-10,Noise Cancelling Headphones,2334
2021-10-24,Decorative Light,273
2023-08-31,Noise Cancelling Headphones,1140
2025-01-14,Laptop Stand,1742
2022-11-17,Decorative Light,4049
2021-03-23,Air Purifier,1286
2022-09-09,Noise Cancelling Headphones,1858
2023-10-03,Wireless Charger,1115
2021-07-19,Smart Bulb,2618
2024-07-08,Yoga Mat,4598
2022-07-29,Smart Watch,938
2020-11-30,Espresso Machine,3524
2020-07-20,Decorative Light,2150
2022-02-24,Yoga Mat,2474
2023-11-23,Wireless Charger,1473
2021-07-06,Table Fan,698
2024-10-30,Table Fan,3211
2024-11-21,Decorative Light,545
2020-05-29,Flower Vase,4094
2020-06-28,Air Purifier,3510
2024-01-01,Bluetooth Speaker,4641
2022-03-26,Smart Watch,3520
2024-11-03,Cool Drink,110
2024-05-14,Yoga Mat,2985
2021-03-12,Air Purifier,1676
2021-11-28,Laptop Stand,4962
2023-12-14,Room Heater,535
2024-09-17,Yoga Mat,2930
2022-09-01,Robot Vacuum,3991
2024-03-25,Electric Toothbrush,3608
2023-12-21,Espresso Machine,3076
2021-02-16,Electric Toothbrush,4340
2021-12-16,Table Fan,706
2024-11-20,Air Purifier,1750
2022-11-10,Table Fan,2400
2021-10-02,Cool Drink,1156
2020-11-26,Table Fan,892
2024-02-03,Bluetooth Speaker,2380
2024-11-16,Smart Watch,2408
2020-09-26,LED TV,2606
2022-03-16,Espresso Machine,4769
2023-10-13,Table Fan,4310
2020-07-19,Laptop Stand,2193
2020-08-13,LED TV,2852
2024-02-16,Electric Toothbrush,4167
2021-05-12,Bluetooth Speaker,3152
2021-08-13,Yoga Mat,4558
2025-01-29,Espresso Machine,592
2024-06-13,Cool Drink,1487
2025-02-13,Air Purifier,1963
2022-12-17,Room Heater,2122
2024-05-28,Robot Vacuum,3306
2020-07-21,Table Fan,4424
2020-06-16,Room Heater,3000
2023-05-28,Espresso Machine,1149
2021-08-04,Smart Bulb,3674
2024-03-14,Decorative Light,4871
2020-10-21,Electric Toothbrush,4646
2024-07-08,Smart Bulb,869
2024-10-25,LED TV,1501
2023-02-06,Cool Drink,372
2023-11-20,Yoga Mat,4742
2021-05-17,Robot Vacuum,4232
2020-10-07,Espresso Machine,1255
2024-05-27,Espresso Machine,3388
2024-12-20,LED TV,779
2022-10-01,Table Fan,2097
2022-03-24,Robot Vacuum,4984
2022-05-22,Bluetooth Speaker,4180
2021-08-17,Robot Vacuum,931
2023-09-24,Decorative Light,1956
2024-08-02,Espresso Machine,1773
2023-01-30,Laptop Stand,3169
2023-11-08,LED TV,4512
2020-12-22,Table Fan,1085
2023-07-27,Noise Cancelling Headphones,3085
2024-08-27,Wireless Charger,580
2024-05-03,Smart Bulb,1775
2024-11-03,Cool Drink,4993
2023-02-24,Laptop Stand,3673
2024-05-14,Room Heater,2093
2022-02-12,Bluetooth Speaker,77
2024-11-09,Table Fan,1379
2024-02-11,Bluetooth Speaker,4221
2022-01-02,Room Heater,3202
2024-01-05,Espresso Machine,2953
2023-07-23,Noise Cancelling Headphones,3924
2020-12-24,Room Heater,311
2020-10-05,Bluetooth Speaker,2996
2024-08-30,Flower Vase,2223
2020-12-26,LED TV,4505
2023-05-23,Yoga Mat,1377
2023-03-07,Wireless Charger,4514
2021-10-14,Smart Bulb,2384
2021-12-19,Air Purifier,2693
2020-10-28,Smart Bulb,2363
2023-08-31,Air Purifier,2430
2025-01-08,Flower Vase,766
2025-03-09,Bluetooth Speaker,4804
2025-02-28,Room Heater,1360
2020-10-05,Noise Cancelling Headphones,496
2022-12-16,Bluetooth Speaker,2775
2020-07-14,Yoga Mat,4660
2021-09-11,Bluetooth Speaker,940
2023-07-07,Laptop Stand,3675
2022-02-15,Laptop Stand,3787
2024-03-14,Smart Watch,1376
2023-11-17,Air Purifier,80
2023-03-11,Robot Vacuum,3848
2023-02-19,Smart Watch,2951
2024-12-28,Flower Vase,995
2024-08-28,Yoga Mat,2251
2023-12-10,Flower Vase,3363
2024-02-26,Room Heater,3793
2024-10-28,Flower Vase,3915
2022-08-03,Smart Bulb,304
2020-10-23,Decorative Light,2593
2025-04-14,Decorative Light,3111
2024-10-02,Espresso Machine,3809
2025-01-27,Espresso Machine,1206
2022-06-18,Decorative Light,2285
2024-04-16,Room Heater,3172
2021-08-01,Table Fan,2642
2023-12-23,Air Purifier,1874
2024-12-01,Room Heater,4969
2022-06-29,Robot Vacuum,3809
2024-08-20,LED TV,3869
2021-06-13,Smart Bulb,4595
2025-04-04,Table Fan,3875
2024-02-26,Smart Watch,1618
2020-12-23,Flower Vase,1828
2025-02-24,LED TV,4152
2024-12-11,Yoga Mat,3966
2022-07-17,Air Purifier,1272
2021-12-23,Smart Bulb,2784
2023-01-08,Smart Bulb,1369
2022-03-09,Yoga Mat,1345
2020-10-01,Smart Bulb,4798
2021-05-08,Bluetooth Speaker,1282
2023-09-05,Electric Toothbrush,2456
2020-09-27,Electric Toothbrush,3567
2024-08-18,Wireless Charger,2904
2020-12-11,Table Fan,107
2025-03-12,Yoga Mat,3254
2021-11-30,Yoga Mat,3580
2025-02-17,Noise Cancelling Headphones,312
2022-11-22,Noise Cancelling Headphones,2788
2023-11-12,Espresso Machine,3081
2022-11-24,Flower Vase,2097
2022-04-22,Bluetooth Speaker,184
2023-07-25,Electric Toothbrush,3126
2020-06-29,Noise Cancelling Headphones,101
2022-02-22,Smart Bulb,1802
2020-09-30,Cool Drink,1539
2020-05-27,Flower Vase,891
2023-07-14,Smart Watch,4187
2020-11-13,Bluetooth Speaker,1164
2022-12-21,Decorative Light,4220
2025-03-29,Room Heater,3061
2024-03-24,Decorative Light,2770
2023-12-24,Electric Toothbrush,593
2024-02-28,Flower Vase,113
2020-11-25,Room Heater,670
2024-05-19,Room Heater,259
2020-05-02,Robot Vacuum,244
2020-08-27,Electric Toothbrush,4543
2022-03-28,Room Heater,4434
2021-07-07,Table Fan,1870
2023-02-22,Noise Cancelling Headphones,151
2022-12-13,Wireless Charger,4751
2020-10-22,Table Fan,3701
2021-09-06,Espresso Machine,815
2022-10-23,Decorative Light,4777
2021-11-21,Electric Toothbrush,2952
2024-01-02,Espresso Machine,81
2024-12-27,Smart Bulb,884
2021-12-22,Wireless Charger,2092
2020-05-26,Smart Watch,4150
2024-05-15,Air Purifier,125
2025-01-18,Bluetooth Speaker,4074
2025-01-24,Bluetooth Speaker,2707
2021-02-25,Cool Drink,2942
2024-05-28,Flower Vase,271
2021-06-18,Table Fan,3678
2024-12-28,Cool Drink,2866
2023-11-25,Robot Vacuum,4939
2020-08-23,Room Heater,3782
2022-05-22,Air Purifier,1383
2021-02-05,Flower Vase,2682
2023-04-29,Smart Watch,4390
2023-06-28,Laptop Stand,2181
2020-12-21,Laptop Stand,4827
2022-06-23,Smart Bulb,1311
2021-07-30,Bluetooth Speaker,3188
2025-01-05,Laptop Stand,3588
2021-03-09,Smart Watch,4899
2022-09-16,Bluetooth Speaker,3002
2020-07-04,LED TV,4135
2023-12-04,Yoga Mat,4827
2024-12-11,Smart Watch,1422
2022-06-21,Cool Drink,166
2023-06-07,LED TV,1593
2021-02-08,Room Heater,2980
2023-09-18,Air Purifier,3466
2022-11-07,Decorative Light,981
2023-08-17,Table Fan,795
2020-12-28,Bluetooth Speaker,3420
2020-06-27,Yoga Mat,3230
2020-05-20,Espresso Machine,3521
2025-02-25,Smart Bulb,998
2022-04-01,Noise Cancelling Headphones,4379
2021-01-01,Smart Watch,222
2021-05-20,Laptop Stand,4394
2021-05-04,Air Purifier,3167
2021-06-01,Smart Watch,391
2024-10-06,Laptop Stand,1137
2021-01-28,Cool Drink,4897
2023-05-22,Robot Vacuum,3083
2024-05-04,Table Fan,2186
2022-04-17,Espresso Machine,1925
2023-12-25,Wireless Charger,3271
2024-04-16,Robot Vacuum,1372
2020-07-12,Robot Vacuum,4599
2022-04-11,Smart Watch,3313
2022-09-19,Smart Watch,2474
2023-09-09,Smart Bulb,3501
2022-12-25,Bluetooth Speaker,741
2021-09-01,Smart Watch,2520
2020-08-12,Smart Bulb,408
2020-09-13,Cool Drink,1783
2023-08-11,Cool Drink,645
2023-07-10,Smart Bulb,1891
2025-02-12,Wireless Charger,404
2024-12-25,Noise Cancelling Headphones,3031
2023-12-04,Cool Drink,3368
2025-03-08,Cool Drink,551
2023-05-30,Cool Drink,2443
2024-06-10,Wireless Charger,180
2025-03-24,Table Fan,3913
2023-07-27,Decorative Light,2528
2021-04-17,Room Heater,1344
2020-08-08,Decorative Light,976
2020-10-10,Air Purifier,994
2023-05-09,Smart Bulb,2049
2020-10-28,Electric Toothbrush,3170
2020-07-13,Wireless Charger,631
2021-07-22,Room Heater,2850
2023-06-10,Smart Watch,1727
2024-06-05,Noise Cancelling Headphones,1807
2025-03-29,Yoga Mat,791
2023-04-28,Noise Cancelling Headphones,1388
2025-03-23,Laptop Stand,524
2022-05-13,Table Fan,3543
2023-05-08,Noise Cancelling Headphones,1506
2023-09-12,Electric Toothbrush,4507
2022-05-14,Table Fan,4881
2023-03-29,Robot Vacuum,2462
2022-05-24,Laptop Stand,1076
2024-08-23,Electric Toothbrush,4654
2022-11-05,Robot Vacuum,675
2021-03-13,Noise Cancelling Headphones,320
2022-08-31,Yoga Mat,531
2021-05-30,Air Purifier,3908
2023-08-11,Noise Cancelling Headphones,1048
2024-02-10,Laptop Stand,4393
2024-03-15,Flower Vase,3427
2025-02-06,Flower Vase,2240
2023-06-30,Bluetooth Speaker,2572
2023-07-06,Cool Drink,2516
2022-03-22,Cool Drink,740
2021-09-08,Cool Drink,2171
2023-11-19,Flower Vase,766
2020-06-07,LED TV,171
2024-11-07,Flower Vase,3659
2021-09-13,Espresso Machine,4643
2023-04-18,Laptop Stand,572
2022-11-22,Espresso Machine,2509
2021-11-14,Noise Cancelling Headphones,2613
2020-05-19,Smart Bulb,1164
2024-12-13,Air Purifier,1629
2022-03-18,Noise Cancelling Headphones,862
2020-09-30,LED TV,620
2022-02-01,Noise Cancelling Headphones,946
2020-09-15,Electric Toothbrush,2215
2022-01-27,Noise Cancelling Headphones,1791
2023-10-02,Noise Cancelling Headphones,4640
2023-04-16,Wireless Charger,2697
2024-03-07,Decorative Light,1693
2023-05-17,Flower Vase,4943
2022-10-19,Noise Cancelling Headphones,140
2022-05-23,Flower Vase,4962
2022-08-15,Table Fan,4926
2023-11-09,Wireless Charger,4038
2024-05-21,Electric Toothbrush,3397
2024-09-17,Decorative Light,2110
2022-09-13,Cool Drink,2188
2024-10-31,Laptop Stand,3961
2023-03-16,Smart Bulb,2165
2022-09-22,Laptop Stand,3766
2023-12-11,Bluetooth Speaker,777
2022-01-08,Noise Cancelling Headphones,1303
2024-07-21,Noise Cancelling Headphones,3459
2023-07-10,Electric Toothbrush,4809
2024-12-31,Bluetooth Speaker,1582
2024-02-28,Cool Drink,2064
2023-05-13,Decorative Light,2316
2021-07-02,Cool Drink,3511
2024-05-09,Decorative Light,893
2022-03-18,Noise Cancelling Headphones,1396
2022-10-06,Air Purifier,4452
2020-09-15,Espresso Machine,3942
2024-09-26,Yoga Mat,664
2020-10-30,Flower Vase,330
2022-03-28,Air Purifier,232
2022-09-15,Cool Drink,2822
2020-06-14,LED TV,3023
2022-08-30,Smart Watch,3014
2020-08-06,Laptop Stand,4535
2022-04-07,Flower Vase,3556
2024-05-26,Decorative Light,1814
2021-05-30,Room Heater,1316
2021-09-22,Cool Drink,3089
2024-12-31,Table Fan,2920
2022-02-12,Electric Toothbrush,4555
2022-06-01,Cool Drink,255
2024-10-07,Electric Toothbrush,719
2024-05-30,Air Purifier,2726
2021-01-09,Table Fan,4066
2021-06-04,Espresso Machine,3208
2021-12-05,Room Heater,4555
2022-10-06,Electric Toothbrush,2553
2024-06-26,Air Purifier,4575
2025-02-27,Bluetooth Speaker,1372
2022-07-29,Electric Toothbrush,4846
2021-08-28,Air Purifier,1339
2023-10-04,Electric Toothbrush,1387
2020-11-10,Room Heater,1662
2023-03-01,Smart Bulb,1223
2022-01-10,Laptop Stand,3025
2022-06-11,Decorative Light,1559
2021-10-27,Bluetooth Speaker,3992
2022-05-11,Air Purifier,3220
2021-10-26,Bluetooth Speaker,4720
2023-05-23,Espresso Machine,524
2021-03-10,Decorative Light,4498
2025-04-24,Smart Watch,3781
2025-03-01,Smart Bulb,3282
2023-07-19,Cool Drink,4838
2023-09-10,Smart Watch,1554
2023-01-12,Cool Drink,4084
2021-09-15,Robot Vacuum,3921
2020-09-29,Electric Toothbrush,2493
2022-08-18,Espresso Machine,1034
2023-11-17,Wireless Charger,617
2025-01-24,Flower Vase,1939
2024-04-14,Wireless Charger,1027
2022-08-30,Espresso Machine,1928
2024-01-26,Electric Toothbrush,1963
2022-10-28,Smart Bulb,869
2023-06-10,Noise Cancelling Headphones,2013
2020-10-23,Electric Toothbrush,4983
2020-07-04,Decorative Light,3648
2023-10-25,Robot Vacuum,1125
2023-04-24,Cool Drink,1562
2023-04-09,Air Purifier,3331
2021-02-08,Noise Cancelling Headphones,4612
2023-09-19,Yoga Mat,3655
2024-02-20,Room Heater,1937
2020-07-01,Bluetooth Speaker,3848
2024-09-26,Robot Vacuum,893
2022-08-05,Laptop Stand,2590
2024-07-30,Flower Vase,4597
2022-12-15,Smart Bulb,3896
2022-07-16,Smart Bulb,343
2020-08-02,Air Purifier,544
2023-04-16,Air Purifier,1947
2023-05-14,LED TV,1100
2023-07-27,Wireless Charger,3484
2023-10-18,Air Purifier,864
2021-08-15,Robot Vacuum,607
2024-09-24,Room Heater,3261
2020-06-21,Table Fan,641
2021-03-24,Smart Bulb,3783
2022-10-13,Robot Vacuum,3673
2023-01-07,Decorative Light,4159
2024-03-30,Flower Vase,3411
2022-04-04,Air Purifier,1707
2023-03-12,Laptop Stand,4117
2020-05-19,Table Fan,4203
2021-03-15,Bluetooth Speaker,3060
2023-10-23,Smart Watch,4975
2023-09-21,Smart Bulb,394
2020-12-08,Robot Vacuum,2766
2020-08-05,Cool Drink,2540
2021-08-07,Smart Bulb,3623
2021-08-24,Air Purifier,3689
2021-11-25,Flower Vase,1197
2024-06-10,Air Purifier,3530
2023-03-22,Bluetooth Speaker,2771
2020-11-24,Wireless Charger,2577
2022-11-16,Robot Vacuum,2097
2021-03-16,Cool Drink,2133
2023-06-01,Smart Watch,2574
2024-11-09,Electric Toothbrush,273
2021-08-05,LED TV,1470
2021-09-09,Smart Watch,999
2023-08-17,Espresso Machine,3248
2024-03-17,Flower Vase,351
2023-03-09,Espresso Machine,2894
2022-09-15,Yoga Mat,2567
2021-12-22,LED TV,1336
2021-12-21,Air Purifier,3664
2023-02-28,Room Heater,2251
2021-02-23,Electric Toothbrush,924
2024-11-27,Bluetooth Speaker,3451
2023-03-29,Air Purifier,912
2020-09-10,LED TV,2766
2021-02-28,LED TV,2945
2023-01-29,Flower Vase,1289
2023-08-17,Espresso Machine,396
2023-04-05,Smart Bulb,4717
2022-01-21,Noise Cancelling Headphones,819
2024-01-05,Air Purifier,2688
2024-01-20,Electric Toothbrush,1974
2023-03-11,Espresso Machine,1630
2022-09-26,Flower Vase,1295
2024-03-14,LED TV,4624
2023-11-06,Smart Bulb,1641
2020-05-04,Air Purifier,2323
2022-04-25,Bluetooth Speaker,79
2024-05-01,LED TV,3937
2022-06-12,Smart Bulb,2605
2021-07-30,Table Fan,1082
2020-05-18,Air Purifier,3299
2023-04-02,Yoga Mat,3046
2023-05-29,Yoga Mat,1797
2020-10-09,Flower Vase,1111
2020-10-21,Room Heater,4523
2025-02-23,Smart Watch,879
2022-07-08,Bluetooth Speaker,154
2023-11-27,Smart Bulb,3805
2022-10-20,Electric Toothbrush,2331
2024-12-22,Laptop Stand,2095
2020-11-15,Robot Vacuum,3286
2024-03-24,Cool Drink,4519
2023-07-25,Yoga Mat,1340
2020-08-06,Cool Drink,3044
2021-10-04,Flower Vase,2239
2022-08-02,LED TV,221
2020-05-31,Room Heater,232
2024-07-19,Wireless Charger,3535
2022-12-18,Electric Toothbrush,4634
2024-06-06,Air Purifier,1293
2021-07-27,Bluetooth Speaker,257
2021-12-28,LED TV,2662
2023-01-19,Decorative Light,4459
2022-08-27,Yoga Mat,1113
2024-04-29,Robot Vacuum,4089
2022-07-01,Bluetooth Speaker,302
2021-06-27,Decorative Light,2871
2022-01-28,Air Purifier,3681
2021-04-04,Smart Watch,1148
2021-05-10,Smart Bulb,95
2020-10-14,Wireless Charger,2406
2021-06-06,Decorative Light,805
2023-01-15,Flower Vase,3166
2024-02-22,Room Heater,4416
2024-02-22,Espresso Machine,3208
2021-03-20,Cool Drink,2613
2021-06-08,Bluetooth Speaker,4168
2020-11-24,Yoga Mat,3145
2023-01-27,Wireless Charger,1260
2023-05-19,LED TV,3177
2023-08-05,Electric Toothbrush,3113
2023-12-23,Air Purifier,3783
2022-10-16,Smart Bulb,375
2024-08-01,Flower Vase,1471
2021-06-06,Bluetooth Speaker,4873
2023-05-31,Smart Watch,1344
2024-02-24,Electric Toothbrush,3923
2024-03-03,Espresso Machine,3196
2021-08-17,Noise Cancelling Headphones,3189
2020-12-12,Robot Vacuum,500
2022-01-09,Cool Drink,3172
2022-06-02,Table Fan,4671
2022-03-10,Decorative Light,4128
2024-03-01,Cool Drink,3137
2020-11-11,Flower Vase,2176
2020-08-25,Espresso Machine,4315
2024-11-14,Cool Drink,3320
2024-10-23,Bluetooth Speaker,3980
2020-08-17,Flower Vase,1386
2021-11-19,Decorative Light,4737
2023-12-13,Bluetooth Speaker,3805
2021-10-01,Cool Drink,3923
2020-11-01,Noise Cancelling Headphones,3719
2021-02-15,Decorative Light,255
2021-11-23,Wireless Charger,2427
2023-05-13,Bluetooth Speaker,701
2020-07-27,Laptop Stand,2257
2022-01-02,Espresso Machine,2526
2024-06-22,Flower Vase,4705
2023-09-30,Laptop Stand,2284
2021-08-11,LED TV,2169
2020-06-17,Electric Toothbrush,1816
2023-04-17,Table Fan,1358
2023-05-18,Noise Cancelling Headphones,4087
2021-10-17,Smart Bulb,3884
2023-12-28,Laptop Stand,4027
2022-06-17,Smart Watch,1536
2020-09-24,Robot Vacuum,4534
2020-12-28,Wireless Charger,133
2024-11-18,Table Fan,1067
2023-06-06,Wireless Charger,3483
2021-05-04,Wireless Charger,4638
2021-02-08,Noise Cancelling Headphones,1803
2021-08-11,Smart Watch,4238
2024-05-13,Noise Cancelling Headphones,4610
2020-07-26,LED TV,3625
2023-06-24,Smart Bulb,1528
2023-01-14,Room Heater,4288
2024-04-05,Bluetooth Speaker,1650
2021-08-23,Cool Drink,1020
2023-07-24,Laptop Stand,2726
2025-04-07,Cool Drink,1266
2020-07-26,Robot Vacuum,2548
2021-12-24,Smart Watch,4105
2023-10-10,Bluetooth Speaker,3469
2023-05-20,Air Purifier,2918
2020-11-05,Yoga Mat,520
2022-04-08,Wireless Charger,2126
2020-11-23,Yoga Mat,3572
2022-03-02,Air Purifier,239
2022-04-05,LED TV,1083
2024-09-19,LED TV,868
2024-07-19,Smart Watch,4227
2023-02-25,Yoga Mat,2327
2020-09-01,Bluetooth Speaker,502
2021-02-15,Noise Cancelling Headphones,4528
2021-05-06,Laptop Stand,1772
2020-09-18,Espresso Machine,2799
2024-03-02,Smart Watch,163
2025-03-27,Wireless Charger,4617
2022-11-04,Smart Watch,876
2024-11-26,Decorative Light,361
2024-07-08,Cool Drink,723
2022-10-03,Smart Watch,353
2023-03-14,Air Purifier,3476
2024-01-22,Noise Cancelling Headphones,3734
2023-09-26,Flower Vase,265
2020-10-24,Room Heater,3252
2021-07-11,Table Fan,1895
2022-03-17,Cool Drink,219
2022-08-09,Room Heater,2685
2025-04-05,Robot Vacuum,1651
2021-03-11,Noise Cancelling Headphones,342
2024-11-15,Robot Vacuum,4276
2022-05-18,Air Purifier,1632
2025-01-25,Espresso Machine,1100
2021-06-07,Room Heater,1561
2021-07-06,Robot Vacuum,4262
2022-03-28,Robot Vacuum,3432
2024-11-18,Wireless Charger,4811
2021-02-08,Air Purifier,3768
2021-11-06,Yoga Mat,2263
2022-12-28,Bluetooth Speaker,200
2024-01-03,Decorative Light,4407
2022-01-10,Wireless Charger,282
2022-10-09,Bluetooth Speaker,2422
2022-12-08,Wireless Charger,4442
2024-03-28,Air Purifier,1145
2024-01-23,Electric Toothbrush,3901
2023-02-11,Electric Toothbrush,1908
2022-10-03,Decorative Light,2527
2022-09-17,Laptop Stand,2577
2020-11-14,Electric Toothbrush,2529
2024-09-20,Electric Toothbrush,1132
2021-08-26,Noise Cancelling Headphones,3216
2024-01-07,Smart Watch,1084
2021-11-02,Laptop Stand,4492
2020-11-29,Noise Cancelling Headphones,2935
2020-07-08,Laptop Stand,3582
2023-08-30,Smart Watch,3698
2022-02-27,LED TV,4854
2022-03-25,Laptop Stand,3229
2021-09-05,Yoga Mat,1561
2023-03-04,Table Fan,2206
2020-09-28,Table Fan,3864
2024-07-27,Robot Vacuum,3128
2021-11-23,Room Heater,3671
2021-04-21,Smart Watch,3400
2024-11-11,Bluetooth Speaker,3266
2024-10-14,Electric Toothbrush,3632
2021-05-15,Smart Watch,1974
2025-04-05,Robot Vacuum,244
2023-04-07,Flower Vase,2220
2023-08-28,Cool Drink,2872
2024-10-29,Decorative Light,3187
2022-11-17,Electric Toothbrush,1084
2023-12-22,Laptop Stand,869
2023-05-13,Electric Toothbrush,4252
2025-02-22,Wireless Charger,3375
2025-02-27,Bluetooth Speaker,1949
2023-10-25,Smart Watch,630
2020-11-26,Wireless Charger,452
2024-08-07,Electric Toothbrush,1277
2023-07-02,Flower Vase,1383
2023-03-03,Wireless Charger,4292
2021-05-01,Air Purifier,1550
2022-04-29,Smart Bulb,4033
2022-05-28,Smart Bulb,1117
2023-09-21,Decorative Light,4058
2024-01-05,Table Fan,1262
2023-05-09,Decorative Light,1385
2024-02-12,Wireless Charger,1457
2021-09-13,Yoga Mat,1411
2021-05-31,Smart Watch,3583
2020-07-10,LED TV,2021
2024-04-08,Room Heater,1955
2022-09-26,Smart Watch,1824
2024-07-07,Noise Cancelling Headphones,794
2020-08-18,Yoga Mat,3252
2025-04-19,Wireless Charger,2983
2020-11-19,Yoga Mat,2109
2025-04-21,Room Heater,148
2022-05-16,Cool Drink,4683
2023-04-14,Air Purifier,4060
2025-01-09,Cool Drink,478
2022-03-07,Electric Toothbrush,1708
2021-08-13,Wireless Charger,2184
2022-08-03,Yoga Mat,219
2022-05-29,Yoga Mat,2423
2023-05-11,Yoga Mat,4465
2024-03-18,Cool Drink,666
2022-06-08,Air Purifier,915
2021-01-23,Noise Cancelling Headphones,2577
2021-09-30,Air Purifier,4495
2021-05-18,Electric Toothbrush,425
2024-09-13,Table Fan,1772
2023-01-19,Bluetooth Speaker,3057
2025-03-29,Bluetooth Speaker,3339
2022-01-26,Room Heater,2540
2020-06-27,Smart Watch,4562
2021-02-07,Bluetooth Speaker,4328
2024-06-04,Wireless Charger,706
2023-10-30,Yoga Mat,1859
2024-03-28,Flower Vase,636
2024-11-24,Bluetooth Speaker,4811
2020-12-05,Yoga Mat,1553
2025-01-04,Room Heater,398
2023-07-02,Noise Cancelling Headphones,4613
2021-07-12,Yoga Mat,596
2025-01-22,Bluetooth Speaker,67
2024-09-06,Yoga Mat,193
2024-03-10,Smart Bulb,3036
2022-03-01,Flower Vase,3575
2020-08-31,LED TV,2637
2023-10-06,Room Heater,1190
2024-08-29,Air Purifier,3989
2021-09-16,Espresso Machine,3623
2024-04-13,Table Fan,4808
2024-08-14,Room Heater,2181
2021-05-07,Flower Vase,2397
2022-07-13,Table Fan,3085
2024-10-24,Wireless Charger,670
2025-01-04,Cool Drink,3629
2020-05-04,Robot Vacuum,3718
2024-12-31,Decorative Light,3318
2022-12-10,Yoga Mat,2120
2020-05-09,Bluetooth Speaker,751
2022-03-15,Smart Bulb,807
2025-02-22,Smart Watch,671
2020-06-24,Smart Bulb,1071
2023-01-19,Yoga Mat,2949
2024-03-20,Bluetooth Speaker,4420
2025-03-15,Smart Watch,3219
2025-02-10,Yoga Mat,3606
2021-11-04,Noise Cancelling Headphones,653
2022-02-01,Flower Vase,4309
2024-06-03,LED TV,4588
2021-04-09,Smart Bulb,4765
2025-03-25,Smart Bulb,349
2023-08-18,Air Purifier,4489
2021-08-17,LED TV,1686
2022-11-17,Noise Cancelling Headphones,3823
2023-11-10,LED TV,3676
2024-07-28,Wireless Charger,1653
2022-01-16,Bluetooth Speaker,4321
2022-09-19,Smart Bulb,2707
2024-04-29,Air Purifier,4290
2025-02-22,Decorative Light,4396
2020-11-23,Cool Drink,1244
2020-04-29,Cool Drink,3878
2023-08-30,Table Fan,3880
2022-08-18,LED TV,82
2023-01-26,LED TV,466
2023-10-13,Yoga Mat,4962
2025-02-17,Table Fan,1894
2021-10-13,LED TV,2422
2020-07-06,Flower Vase,2890
2021-02-24,Yoga Mat,2467
2024-05-29,Room Heater,4748
2025-04-06,Espresso Machine,1311
2020-06-30,Room Heater,859
2020-08-06,Electric Toothbrush,111
2022-02-18,Smart Bulb,4191
2023-08-27,LED TV,1278
2024-07-10,Smart Bulb,4831
2022-04-25,Flower Vase,1715
2023-06-05,Cool Drink,4585
2024-01-31,LED TV,1489
2023-05-06,Room Heater,4879
2024-10-11,LED TV,570
2021-04-01,Flower Vase,1648
2023-11-25,Espresso Machine,731
2023-01-01,Bluetooth Speaker,4633
2025-03-11,Yoga Mat,1381
2022-07-09,Yoga Mat,3437
2023-01-07,Flower Vase,1540
2023-04-24,Yoga Mat,241
2021-06-09,Smart Watch,3586
2021-07-11,Table Fan,2038
2020-11-07,Noise Cancelling Headphones,1016
2021-05-22,Smart Bulb,1381
2020-08-20,Smart Watch,4142
2022-07-06,Room Heater,174
2022-03-05,Flower Vase,156
2022-08-23,Espresso Machine,1180
2023-05-25,LED TV,4524
2022-03-19,Smart Bulb,3503
2024-02-06,Decorative Light,2964
2021-05-12,Espresso Machine,604
2024-10-01,Yoga Mat,4155
2021-07-14,Flower Vase,341
2023-11-14,Bluetooth Speaker,402
2020-10-06,Espresso Machine,1633
2022-11-08,Yoga Mat,1882
2021-08-31,Smart Bulb,1051
2020-10-01,Cool Drink,1293
2024-05-24,Table Fan,740
2020-10-17,Bluetooth Speaker,1607
2023-06-03,Laptop Stand,1673
2022-02-27,Room Heater,3048
2023-05-05,Smart Watch,3393
2024-04-23,Yoga Mat,3479
2021-10-15,LED TV,4471
2023-09-13,Espresso Machine,1128
2021-09-26,Electric Toothbrush,1081
2023-05-06,Flower Vase,3513
2020-11-11,Noise Cancelling Headphones,2781
2021-01-11,Wireless Charger,4045
2021-01-25,Laptop Stand,3146
2021-07-17,Laptop Stand,4742
2022-04-12,Robot Vacuum,4419
2020-07-08,Flower Vase,2458
2024-09-20,Espresso Machine,4085
2022-01-21,LED TV,4844
2024-01-19,Wireless Charger,2533
2024-01-13,Smart Watch,1484
2021-10-12,Noise Cancelling Headphones,1645
2020-09-13,Room Heater,1420
2022-03-11,Decorative Light,609
2024-05-10,Electric Toothbrush,216
2022-10-15,Noise Cancelling Headphones,1919
2021-08-23,Smart Bulb,1054
2024-02-27,Table Fan,3526
2020-08-13,LED TV,2718
2020-06-01,Air Purifier,4488
2021-02-17,Laptop Stand,184
2021-02-08,Wireless Charger,4190
2020-09-14,Flower Vase,1065
2020-12-08,Air Purifier,4111
2021-09-02,Robot Vacuum,2809
2021-04-06,Table Fan,1311
2024-06-11,Yoga Mat,2857
2022-08-17,Smart Watch,2221
2022-11-20,Robot Vacuum,1079
2024-11-10,Flower Vase,4584
2024-12-31,Cool Drink,3321
2023-10-26,Electric Toothbrush,2863
2023-12-06,Yoga Mat,2440
2022-06-25,Bluetooth Speaker,1843
2022-03-15,Robot Vacuum,3917
2024-10-12,Laptop Stand,1847
2023-11-20,Electric Toothbrush,3109
2021-03-23,Bluetooth Speaker,4270
2022-06-15,Laptop Stand,3367
2022-03-23,Noise Cancelling Headphones,256
2022-01-28,Wireless Charger,837
2024-05-09,Bluetooth Speaker,3352
2020-11-14,Smart Watch,1860
2023-07-18,Room Heater,333
2024-07-05,Decorative Light,3794
2021-12-25,Air Purifier,3805
2020-06-13,Robot Vacuum,4102
2020-11-12,Room Heater,2783
2021-02-22,Air Purifier,4211
2022-02-06,Table Fan,2127
2024-02-24,Air Purifier,4040
2020-05-25,Espresso Machine,2485
2024-03-14,Yoga Mat,182
2023-12-21,Electric Toothbrush,903
2022-05-31,Wireless Charger,4429
2022-04-20,Electric Toothbrush,4582
2020-05-14,Laptop Stand,1033
2024-12-12,Noise Cancelling Headphones,2403
2020-10-11,Noise Cancelling Headphones,2756
2024-01-20,Cool Drink,4355
2025-01-02,Wireless Charger,1411
2022-09-05,LED TV,4224
2022-05-03,Bluetooth Speaker,3995
2024-06-18,Laptop Stand,2705
2021-03-26,Air Purifier,276
2020-12-06,Wireless Charger,234
2022-07-22,Robot Vacuum,479
2022-12-07,Table Fan,4559
2022-12-21,Robot Vacuum,3605
2020-10-21,Smart Bulb,3113
2025-03-02,Laptop Stand,3067
2022-12-05,Robot Vacuum,1286
2023-03-25,Noise Cancelling Headphones,2126
2022-12-24,Yoga Mat,503
2021-05-02,Espresso Machine,983
2022-10-15,LED TV,1145
2025-04-12,Yoga Mat,492
2022-03-21,Room Heater,2623
2023-05-15,Cool Drink,2158
2025-03-03,Air Purifier,1826
2022-04-06,Robot Vacuum,2313
2022-02-22,Decorative Light,2101
2023-06-26,Flower Vase,3683
2024-01-12,Bluetooth Speaker,1054
2020-11-26,Room Heater,4933
2023-08-16,Electric Toothbrush,4016
2023-01-11,Espresso Machine,3270
2020-11-09,Air Purifier,3602
2021-03-21,Table Fan,3074
2020-08-22,Smart Bulb,170
2021-05-06,Air Purifier,4855
2022-06-30,Yoga Mat,153
2021-05-06,Wireless Charger,3137
2024-07-22,Yoga Mat,700
2022-10-25,Flower Vase,939
2020-11-01,Espresso Machine,1230
2025-03-07,Decorative Light,1500
2024-04-22,Flower Vase,1081
2021-11-03,Smart Watch,2326
2021-11-26,Laptop Stand,4731
2021-09-20,LED TV,3447
2022-10-16,Cool Drink,3523
2023-11-06,Smart Watch,1371
2021-10-15,Laptop Stand,1149
2021-07-04,Wireless Charger,3348
2022-08-27,Laptop Stand,2422
2024-03-21,Flower Vase,2885
2022-01-07,Yoga Mat,3389
2021-04-22,Yoga Mat,4650
2022-09-08,Bluetooth Speaker,198
2023-05-21,Laptop Stand,2715
2020-10-01,Smart Watch,3037
2021-03-20,Decorative Light,4361
2023-01-25,Noise Cancelling Headphones,3377
2020-11-20,Flower Vase,4550
2024-04-25,Room Heater,234
2022-12-21,Bluetooth Speaker,2870
2024-05-14,Wireless Charger,2420
2021-01-28,Cool Drink,1148
2025-01-08,Air Purifier,2649
2021-01-10,Air Purifier,388
2023-05-09,Laptop Stand,432
2022-10-12,Wireless Charger,2386
2024-03-28,Wireless Charger,522
2025-03-30,Smart Watch,370
2023-02-11,Robot Vacuum,4275
2020-11-12,LED TV,1072
2024-10-25,Decorative Light,4493
2023-10-07,Air Purifier,4087
2024-10-29,Electric Toothbrush,2529
2021-11-18,Decorative Light,4246
2023-12-03,Laptop Stand,3885
2025-01-02,Wireless Charger,4622
2021-10-06,Noise Cancelling Headphones,528
2024-11-06,Room Heater,906
2022-09-07,Noise Cancelling Headphones,1797
2024-10-05,Room Heater,4323
2024-01-03,Flower Vase,2726
2021-08-23,LED TV,4707
2022-02-14,Flower Vase,4546
